Ground Truth,Predicted,CER,WER
0a,0,0.5,1.0
loyda,laff,0.8,1.0
herendo,herends,0.14285714285714285,1.0
0a,0,0.5,1.0
larda,jan,0.8,1.0
backa,boac,0.6,1.0
0a,0,0.5,1.0
0a,0,0.5,1.0
pitchard,pitchar,0.125,1.0
delfa,del,0.4,1.0
sloana,sloa,0.3333333333333333,1.0
hibea,gibbe,0.6,1.0
0a,0,0.5,1.0
0a,0,0.5,1.0
ronea,rene,0.4,1.0
besleya,gusley,0.42857142857142855,1.0
0a,0,0.5,1.0
0a,0,0.5,1.0
morsea,mors,0.3333333333333333,1.0
sancheya,sance,0.375,1.0
0a,0,0.5,1.0
0a,0,0.5,1.0
deala,dia,0.6,1.0
galdberga,galder,0.3333333333333333,1.0
roada,roar,0.4,1.0
laplante,laplant,0.125,1.0
stocka,stock,0.16666666666666666,1.0
4a,4,0.5,1.0
grauta,crau,0.5,1.0
kaleya,lile,0.6666666666666666,1.0
0a,0,0.5,1.0
3a,3,0.5,1.0
0a,0,0.5,1.0
0a,0,0.5,1.0
farmera,farre,0.42857142857142855,1.0
cariona,cario,0.2857142857142857,1.0
veleza,reeley,0.6666666666666666,1.0
0a,0,0.5,1.0
0a,0,0.5,1.0
0a,0,0.5,1.0
cloyda,sloyd,0.3333333333333333,1.0
underwod,vanderwood,0.375,1.0
0a,0,0.5,1.0
0a,0,0.5,1.0
0a,0,0.5,1.0
zedakera,fedake,0.375,1.0
3a,3,0.5,1.0
0a,0,0.5,1.0
mcnichols,mcnihols,0.1111111111111111,1.0
0a,0,0.5,1.0
tomesa,tones,0.3333333333333333,1.0
8a,8,0.5,1.0
muraya,jawe,0.8333333333333334,1.0
0a,0,0.5,1.0
griena,grien,0.16666666666666666,1.0
0a,0,0.5,1.0
petersa,atec,0.7142857142857143,1.0
rubina,ruben,0.3333333333333333,1.0
0a,0,0.5,1.0
g3a,h1,1.0,1.0
0a,0,0.5,1.0
warocka,werrac,0.7142857142857143,1.0
matera,malte,0.5,1.0
0a,0,0.5,1.0
giblesa,gibles,0.14285714285714285,1.0
vandensen,vaers,0.5555555555555556,1.0
laceya,trc,0.8333333333333334,1.0
0a,0,0.5,1.0
coka,cook,0.5,1.0
3a,3,0.5,1.0
careta,carret,0.3333333333333333,1.0
laylora,larlo,0.42857142857142855,1.0
kaleya,halle,0.6666666666666666,1.0
corkea,cooke,0.3333333333333333,1.0
devriesa,devrics,0.25,1.0
kalera,halve,0.6666666666666666,1.0
elerdinga,elerdins,0.2222222222222222,1.0
keisa,keis,0.2,1.0
binsona,gencon,0.5714285714285714,1.0
0a,0,0.5,1.0
ha,h1,0.5,1.0
laborera,labore,0.25,1.0
0a,0,0.5,1.0
coka,cook,0.5,1.0
hamleya,hanl,0.5714285714285714,1.0
5a,0,1.0,1.0
dalara,dall,0.5,1.0
merila,menill,0.3333333333333333,1.0
riea,riee,0.25,1.0
0a,0,0.5,1.0
0a,0,0.5,1.0
dunsona,dunnsn,0.42857142857142855,1.0
venmana,dema,0.5714285714285714,1.0
abramowski,abramowos,0.3,1.0
bormana,bouna,0.42857142857142855,1.0
prercea,craie,0.7142857142857143,1.0
sweneya,skeene,0.5714285714285714,1.0
britona,britton,0.2857142857142857,1.0
0a,0,0.5,1.0
condena,conde,0.2857142857142857,1.0
0a,0,0.5,1.0
monahana,morsh,0.625,1.0
perkera,perker,0.14285714285714285,1.0
hilsona,hilson,0.14285714285714285,1.0
smicha,dwarcb,1.0,1.0
mcuea,mccue,0.4,1.0
jaguesa,jague,0.2857142857142857,1.0
bakuna,doh,1.0,1.0
c1a,c4,0.6666666666666666,1.0
conoly,connoll,0.3333333333333333,1.0
ramasa,ram,0.5,1.0
hentera,heanter,0.2857142857142857,1.0
dekera,decker,0.3333333333333333,1.0
drahea,brah,0.5,1.0
johsona,jobson,0.2857142857142857,1.0
rowersa,rowers,0.14285714285714285,1.0
lenta,peny,0.6,1.0
c4a,c4,0.3333333333333333,1.0
gilmete,gilmmette,0.2857142857142857,1.0
0a,0,0.5,1.0
0a,0,0.5,1.0
galesa,gate,0.5,1.0
westona,weston,0.14285714285714285,1.0
0a,0,0.5,1.0
mackera,markee,0.42857142857142855,1.0
rhoadera,rheade,0.375,1.0
hochna,hocln,0.3333333333333333,1.0
brana,bran,0.2,1.0
stevart,stevar,0.14285714285714285,1.0
0a,0,0.5,1.0
0a,0,0.5,1.0
0a,0,0.5,1.0
hapkins,hapkin,0.14285714285714285,1.0
0a,0,0.5,1.0
dunlafa,denla,0.42857142857142855,1.0
paleya,palle,0.5,1.0
3a,3,0.5,1.0
boilera,heileniokl,1.0,1.0
wildona,wilson,0.2857142857142857,1.0
harla,har,0.4,1.0
0a,0,0.5,1.0
ca,c,0.5,1.0
walkers,walbr,0.42857142857142855,1.0
farmera,farme,0.2857142857142857,1.0
pawela,pawel,0.16666666666666666,1.0
0a,0,0.5,1.0
lovela,lovec,0.3333333333333333,1.0
maloya,mallo,0.5,1.0
maida,mai,0.4,1.0
ortiga,olig,0.5,1.0
c2a,c4,0.6666666666666666,1.0
lostera,foster,0.2857142857142857,1.0
carela,garel,0.3333333333333333,1.0
kinbala,nnhal,0.5714285714285714,1.0
mcwiliams,mckillin,0.5555555555555556,1.0
c1a,c4,0.6666666666666666,1.0
0a,0,0.5,1.0
richardsena,bichardr,0.45454545454545453,1.0
farmera,farnme,0.42857142857142855,1.0
grauta,gicnt,0.6666666666666666,1.0
okanea,oan,0.5,1.0
0a,0,0.5,1.0
weala,me,0.8,1.0
durhama,durha,0.2857142857142857,1.0
h2a,h2,0.3333333333333333,1.0
clorka,clork,0.16666666666666666,1.0
anda,,1.0,1.0
0a,0,0.5,1.0
privatehome,privatehom,0.09090909090909091,1.0
0a,0,0.5,1.0
clericala,celi,0.6666666666666666,1.0
mcguigana,mchuga,0.4444444444444444,1.0
albrichta,albrig,0.4444444444444444,1.0
0a,0,0.5,1.0
schultea,schulte,0.125,1.0
draza,pie,1.0,1.0
0a,0,0.5,1.0
3a,3,0.5,1.0
walesa,nale,0.5,1.0
0a,0,0.5,1.0
oakera,cake,0.5,1.0
swenson,sason,0.42857142857142855,1.0
bratya,brat,0.3333333333333333,1.0
leamana,seam,0.5714285714285714,1.0
c2a,c2,0.3333333333333333,1.0
rugha,crugh,0.4,1.0
6a,6,0.5,1.0
coka,cook,0.5,1.0
chila,eiill,0.6,1.0
saunder,launde,0.2857142857142857,1.0
3a,3,0.5,1.0
0a,0,0.5,1.0
warsona,walson,0.2857142857142857,1.0
lersona,lerson,0.14285714285714285,1.0
jenhinsa,jenhins,0.125,1.0
larka,derk,0.6,1.0
farmera,farme,0.2857142857142857,1.0
0a,0,0.5,1.0
marshel,marshel,0.0,0.0
rowlsa,rowl,0.3333333333333333,1.0
hansona,hars,0.5714285714285714,1.0
0a,0,0.5,1.0
resa,rees,0.5,1.0
0a,0,0.5,1.0
hostona,hoston,0.14285714285714285,1.0
0a,0,0.5,1.0
hareta,husset,0.6666666666666666,1.0
4a,4,0.5,1.0
roseya,rosey,0.16666666666666666,1.0
0a,0,0.5,1.0
cona,sew,1.0,1.0
mcnelya,mcnelley,0.42857142857142855,1.0
0a,0,0.5,1.0
privatehome,privatehom,0.09090909090909091,1.0
yeringtona,gerington,0.2,1.0
lavida,lavri,0.5,1.0
jricka,jrick,0.16666666666666666,1.0
luchanskya,loehof,0.8,1.0
cuninghama,bungh,0.6,1.0
blaunta,bla,0.5714285714285714,1.0
parela,parrel,0.3333333333333333,1.0
6a,6,0.5,1.0
mcgarya,mchharry,0.5714285714285714,1.0
privatehome,privateom,0.18181818181818182,1.0
mccandles,mccandle,0.1111111111111111,1.0
bastera,paste,0.42857142857142855,1.0
labora,laboe,0.3333333333333333,1.0
wohlfelda,woheleld,0.3333333333333333,1.0
bamesa,bearer,0.6666666666666666,1.0
forka,lork,0.4,1.0
mcobea,mccab,0.6666666666666666,1.0
goldberga,glbey,0.5555555555555556,1.0
nota,,1.0,1.0
0a,0,0.5,1.0
snydena,sade,0.5714285714285714,1.0
blachmana,bladkeso,0.6666666666666666,1.0
0a,0,0.5,1.0
brela,brell,0.2,1.0
conelya,connelley,0.5714285714285714,1.0
0a,0,0.5,1.0
mckima,mckin,0.3333333333333333,1.0
0a,0,0.5,1.0
browena,browen,0.14285714285714285,1.0
heneya,heney,0.16666666666666666,1.0
mcraya,mcrdy,0.3333333333333333,1.0
sana,ran,0.5,1.0
0a,0,0.5,1.0
hilesa,slilles,0.6666666666666666,1.0
bisinga,bissing,0.2857142857142857,1.0
bugha,pugh,0.4,1.0
kanta,went,0.6,1.0
milina,milli,0.5,1.0
oakera,wak,0.6666666666666666,1.0
0a,0,0.5,1.0
galoway,gallow,0.42857142857142855,1.0
etinger,sttenger,0.42857142857142855,1.0
gonsalesa,bonanles,0.4444444444444444,1.0
mayersa,moyer,0.42857142857142855,1.0
hamilona,hamllo,0.375,1.0
paulsona,faulso,0.375,1.0
bigela,buge,0.5,1.0
farmera,farm,0.42857142857142855,1.0
0a,0,0.5,1.0
hara,har,0.25,1.0
sharmona,sharmo,0.25,1.0
8a,8,0.5,1.0
laborera,labore,0.25,1.0
wiliamsa,william,0.375,1.0
hopea,hapap,0.6,1.0
kurta,kurts,0.2,1.0
tolberta,tolbert,0.125,1.0
objectives,,1.0,1.0
farmera,farme,0.2857142857142857,1.0
0a,0,0.5,1.0
kenea,ken,0.4,1.0
farmera,farme,0.2857142857142857,1.0
0a,0,0.5,1.0
mana,man,0.25,1.0
craucha,crauc,0.2857142857142857,1.0
0a,0,0.5,1.0
haysa,ha,0.6,1.0
0a,0,0.5,1.0
labora,labo,0.3333333333333333,1.0
calahan,callah,0.42857142857142855,1.0
0a,0,0.5,1.0
ca,c4,0.5,1.0
reidga,reidg,0.16666666666666666,1.0
teachera,lache,0.5,1.0
0a,0,0.5,1.0
farminga,farme,0.5,1.0
lomara,lom,0.5,1.0
copena,cooper,0.5,1.0
hoxtona,hoxton,0.14285714285714285,1.0
marinoa,marin,0.2857142857142857,1.0
tilera,niller,0.5,1.0
farmera,farme,0.2857142857142857,1.0
crawdera,came,0.625,1.0
gransa,gra,0.5,1.0
cora,cor,0.25,1.0
mcclendon,mcblendon,0.1111111111111111,1.0
0a,0,0.5,1.0
barera,bau,0.6666666666666666,1.0
dolana,dolae,0.3333333333333333,1.0
bilyena,bilyen,0.14285714285714285,1.0
hoskinsa,heckins,0.375,1.0
cotera,calter,0.5,1.0
almana,alm,0.5,1.0
brownea,mone,0.5714285714285714,1.0
orma,oro,0.5,1.0
carya,lear,0.8,1.0
stahla,stah,0.3333333333333333,1.0
0a,0,0.5,1.0
0a,0,0.5,1.0
cartlea,cartl,0.2857142857142857,1.0
hadsona,hardson,0.2857142857142857,1.0
0a,0,0.5,1.0
mcartera,mccarte,0.375,1.0
mccartney,mccartne,0.1111111111111111,1.0
mcola,mccall,0.6,1.0
0a,0,0.5,1.0
cornela,cornel,0.14285714285714285,1.0
purisa,purvis,0.3333333333333333,1.0
joka,jook,0.5,1.0
privatehome,privatehom,0.09090909090909091,1.0
mckenera,dakeso,0.75,1.0
mayra,my,0.6,1.0
gramesa,grar,0.5714285714285714,1.0
3a,3,0.5,1.0
kenera,keener,0.3333333333333333,1.0
storya,story,0.16666666666666666,1.0
0a,0,0.5,1.0
zimpela,fimkel,0.42857142857142855,1.0
kinta,ket,0.6,1.0
halera,helr,0.5,1.0
0a,0,0.5,1.0
0a,0,0.5,1.0
lina,sinn,0.5,1.0
romanoa,roman,0.2857142857142857,1.0
c1a,c1,0.3333333333333333,1.0
nomana,noma,0.3333333333333333,1.0
carana,carr,0.5,1.0
tarisa,sai,0.6666666666666666,1.0
na,,1.0,1.0
aldena,alde,0.3333333333333333,1.0
0a,0,0.5,1.0
benya,beny,0.2,1.0
jonsa,jone,0.4,1.0
0a,0,0.5,1.0
muna,munen,0.5,1.0
mccornick,mcconnrk,0.3333333333333333,1.0
hanrisa,harri,0.42857142857142855,1.0
flyna,glymr,0.6,1.0
schafera,shafpe,0.5,1.0
kirbya,kirby,0.16666666666666666,1.0
rida,neck,1.0,1.0
corleya,corelt,0.42857142857142855,1.0
sherwoda,shewwood,0.375,1.0
0a,0,0.5,1.0
caningham,cunnigh,0.5555555555555556,1.0
craustona,grauto,0.4444444444444444,1.0
mcintocha,mcintoeh,0.2222222222222222,1.0
ca,c2,0.5,1.0
4a,4,0.5,1.0
westlakea,mentak,0.5555555555555556,1.0
dewisa,dewes,0.3333333333333333,1.0
brena,breen,0.4,1.0
farmera,farme,0.2857142857142857,1.0
landena,land,0.42857142857142855,1.0
wiliasa,milinm,0.5714285714285714,1.0
petesa,pettes,0.3333333333333333,1.0
hatha,hat,0.4,1.0
kostera,kaste,0.42857142857142855,1.0
solinasa,salin,0.5,1.0
fugua,fugu,0.2,1.0
0a,0,0.5,1.0
schneidea,schnede,0.2222222222222222,1.0
farda,far,0.4,1.0
leana,lean,0.2,1.0
0a,0,0.5,1.0
privatehome,privatehom,0.09090909090909091,1.0
landa,lan,0.4,1.0
alina,llen,0.6,1.0
0a,0,0.5,1.0
anmstronga,famstror,0.5,1.0
farmera,farme,0.2857142857142857,1.0
curya,ca,0.6,1.0
hovera,heover,0.3333333333333333,1.0
asmrmacmilanmadehisanouncementthe,aehnehemhlbtamana,0.8181818181818182,1.0
0a,0,0.5,1.0
buna,buene,0.5,1.0
mcdana,mcdan,0.16666666666666666,1.0
labora,fare,0.6666666666666666,1.0
eldridgea,ealdridg,0.3333333333333333,1.0
jecka,jeick,0.4,1.0
0a,0,0.5,1.0
0a,0,0.5,1.0
cavea,can,0.6,1.0
farmera,farme,0.2857142857142857,1.0
0a,0,0.5,1.0
santiaga,santi,0.375,1.0
0a,0,0.5,1.0
muphya,mus,0.6666666666666666,1.0
hordya,hordy,0.16666666666666666,1.0
alensa,ralle,0.8333333333333334,1.0
carsa,cas,0.4,1.0
knykendal,rugdnal,0.6666666666666666,1.0
kenkena,henken,0.2857142857142857,1.0
hayworda,hauwa,0.5,1.0
maseleya,moseley,0.25,1.0
haynesa,hayne,0.2857142857142857,1.0
hulsona,hulon,0.2857142857142857,1.0
ca,c2,0.5,1.0
bera,bers,0.25,1.0
solomona,soloma,0.25,1.0
benta,bent,0.2,1.0
suela,beell,0.6,1.0
shenana,shemna,0.2857142857142857,1.0
odonela,odonne,0.42857142857142855,1.0
3a,3,0.5,1.0
goldstein,goldsten,0.1111111111111111,1.0
monrowa,morrorr,0.42857142857142855,1.0
bontona,benteor,0.5714285714285714,1.0
matosa,mat,0.5,1.0
gardana,gard,0.42857142857142855,1.0
hawela,hawel,0.16666666666666666,1.0
madesona,madeso,0.25,1.0
lawsena,laws,0.42857142857142855,1.0
3a,3,0.5,1.0
betsa,betts,0.4,1.0
jinesa,jnes,0.3333333333333333,1.0
juckera,jucker,0.14285714285714285,1.0
dyera,bryer,0.6,1.0
0a,0,0.5,1.0
kosleya,kosley,0.14285714285714285,1.0
privatehomea,privatehom,0.16666666666666666,1.0
0a,0,0.5,1.0
0a,0,0.5,1.0
salesmana,salesm,0.3333333333333333,1.0
opriena,oprife,0.42857142857142855,1.0
cotona,colon,0.3333333333333333,1.0
howatha,houat,0.42857142857142855,1.0
0a,0,0.5,1.0
indedbutsudenlytheywererouseda,seeegtetee,0.8,1.0
farmera,farme,0.2857142857142857,1.0
samyera,saz,0.7142857142857143,1.0
brotha,boolh,0.5,1.0
lesthanoresponsefromtherusiansideled,detonenenseihoeltenelt,0.6666666666666666,1.0
carkera,carke,0.2857142857142857,1.0
bocha,beck,0.6,1.0
gongaleya,sowele,0.6666666666666666,1.0
0a,0,0.5,1.0
ha,h,0.5,1.0
labora,labo,0.3333333333333333,1.0
morya,moor,0.6,1.0
0a,0,0.5,1.0
couplesprobablybecauseofthe,hrtetetat,0.8518518518518519,1.0
hinta,fiint,0.6,1.0
milworkera,milworkel,0.2,1.0
cofeya,roffe,0.6666666666666666,1.0
mcilhaneya,mcdlhany,0.3,1.0
mckisicka,mcririck,0.3333333333333333,1.0
0a,0,0.5,1.0
0a,0,0.5,1.0
warhingtona,waarbingte,0.45454545454545453,1.0
everson,eerso,0.2857142857142857,1.0
0a,0,0.5,1.0
plata,cal,0.8,1.0
malanea,mala,0.42857142857142855,1.0
mcguina,mcgri,0.42857142857142855,1.0
mauna,man,0.4,1.0
kramesa,krame,0.2857142857142857,1.0
derlina,dralin,0.42857142857142855,1.0
pestera,beste,0.42857142857142855,1.0
coka,cook,0.5,1.0
carera,carse,0.5,1.0
kenea,kenne,0.4,1.0
giliam,gillien,0.5,1.0
ragera,reryer,0.6666666666666666,1.0
5a,5,0.5,1.0
marima,mari,0.3333333333333333,1.0
coka,cook,0.5,1.0
0a,0,0.5,1.0
dielza,dit,0.6666666666666666,1.0
edmondsa,edmands,0.25,1.0
0a,0,0.5,1.0
0a,0,0.5,1.0
culena,culle,0.5,1.0
0a,0,0.5,1.0
maleya,male,0.3333333333333333,1.0
sundala,sendall,0.2857142857142857,1.0
parpera,pare,0.42857142857142855,1.0
mcdevit,mcdawi,0.42857142857142855,1.0
mcgintya,mcginty,0.125,1.0
cronea,cron,0.3333333333333333,1.0
c2a,c2,0.3333333333333333,1.0
0a,0,0.5,1.0
taleya,tall,0.5,1.0
maida,mi,0.6,1.0
mcmahana,mcmala,0.375,1.0
warla,war,0.4,1.0
yonga,song,0.4,1.0
0a,0,0.5,1.0
h2a,h2,0.3333333333333333,1.0
lead210togetherwithadedleadcariermust,teteeessonr,0.8108108108108109,1.0
heflingera,hefflinge,0.3,1.0
moka,doak,0.75,1.0
francha,oronc,0.5714285714285714,1.0
belena,bellens,0.3333333333333333,1.0
douglesa,duugles,0.25,1.0
copea,cope,0.2,1.0
0a,0,0.5,1.0
jacketa,jacke,0.2857142857142857,1.0
yanga,san,0.6,1.0
cliforda,cliffod,0.375,1.0
0a,0,0.5,1.0
seitha,leith,0.3333333333333333,1.0
hartingsa,harting,0.2222222222222222,1.0
taytora,taylo,0.42857142857142855,1.0
0a,0,0.5,1.0
besa,bes,0.25,1.0
0a,0,0.5,1.0
coka,cook,0.5,1.0
kicksa,kiiks,0.3333333333333333,1.0
blucka,blck,0.3333333333333333,1.0
parleya,parle,0.2857142857142857,1.0
corpenter,corpenter,0.0,0.0
andrsona,andeso,0.375,1.0
thermana,thermon,0.25,1.0
kevesa,reees,0.5,1.0
sitzera,sizer,0.2857142857142857,1.0
rakera,peker,0.5,1.0
reasa,rea,0.4,1.0
0a,0,0.5,1.0
0a,0,0.5,1.0
0a,0,0.5,1.0
0a,0,0.5,1.0
navanoa,ravan,0.42857142857142855,1.0
taytona,tayto,0.2857142857142857,1.0
petya,petty,0.4,1.0
tayera,trye,0.5,1.0
crena,curccn,0.8,1.0
balinger,ballinge,0.25,1.0
0a,0,0.5,1.0
schulza,schuly,0.2857142857142857,1.0
lounga,lung,0.3333333333333333,1.0
kenea,nenne,0.6,1.0
garison,garriso,0.2857142857142857,1.0
0a,0,0.5,1.0
0a,0,0.5,1.0
sanforda,saufor,0.375,1.0
0a,0,0.5,1.0
aniea,anie,0.2,1.0
mansona,manso,0.2857142857142857,1.0
bonga,bong,0.2,1.0
vermona,nermn,0.42857142857142855,1.0
raymonda,raymo,0.375,1.0
0a,0,0.5,1.0
kohna,koin,0.4,1.0
milea,mile,0.2,1.0
farona,larro,0.6666666666666666,1.0
3a,3,0.5,1.0
0a,0,0.5,1.0
crafa,craf,0.2,1.0
0a,0,0.5,1.0
0a,0,0.5,1.0
mcarda,mccar,0.5,1.0
0a,0,0.5,1.0
hapkinsa,haskin,0.375,1.0
rosarioa,dosari,0.375,1.0
loyola,loyol,0.16666666666666666,1.0
0a,0,0.5,1.0
cakera,coker,0.3333333333333333,1.0
jansena,jenses,0.42857142857142855,1.0
nersa,nes,0.4,1.0
dickenson,bickenson,0.1111111111111111,1.0
sheta,sheet,0.4,1.0
0a,0,0.5,1.0
0a,0,0.5,1.0
sarela,sarrel,0.3333333333333333,1.0
0a,0,0.5,1.0
0a,0,0.5,1.0
farminga,farmin,0.25,1.0
schnider,schmrides,0.375,1.0
dyera,oryep,0.8,1.0
kaplana,haxl,0.7142857142857143,1.0
parea,hole,0.8,1.0
keslera,bessler,0.42857142857142855,1.0
0a,0,0.5,1.0
0a,0,0.5,1.0
zedakera,tedak,0.5,1.0
bernisa,bernis,0.14285714285714285,1.0
wrotea,,1.0,1.0
farmera,farme,0.2857142857142857,1.0
0a,0,0.5,1.0
janeta,jarret,0.5,1.0
ortizya,ortizy,0.14285714285714285,1.0
richmonda,richmond,0.1111111111111111,1.0
0a,0,0.5,1.0
0a,0,0.5,1.0
2a,2,0.5,1.0
h2a,h2,0.3333333333333333,1.0
0a,0,0.5,1.0
hansera,hans,0.42857142857142855,1.0
levingstona,liagston,0.36363636363636365,1.0
mora,mook,0.5,1.0
c2a,c,0.6666666666666666,1.0
oftheseali,hmat,0.8,1.0
pireza,perez,0.3333333333333333,1.0
0a,0,0.5,1.0
buxtona,bunton,0.2857142857142857,1.0
0a,0,0.5,1.0
63a,6,0.6666666666666666,1.0
schultsa,schelts,0.25,1.0
kurtya,kirty,0.3333333333333333,1.0
0a,0,0.5,1.0
hartings,hartin,0.25,1.0
mesa,wess,0.5,1.0
c4a,h2,1.0,1.0
rosea,ros,0.4,1.0
0a,0,0.5,1.0
vanslyke,wansley,0.5,1.0
tonesa,toues,0.3333333333333333,1.0
clara,oar,0.6,1.0
3a,3,0.5,1.0
0a,0,0.5,1.0
0a,0,0.5,1.0
fraziea,frras,0.7142857142857143,1.0
farmera,farme,0.2857142857142857,1.0
calmera,calme,0.2857142857142857,1.0
privatehome,privatehom,0.09090909090909091,1.0
privatehome,privatehom,0.09090909090909091,1.0
hofera,loofe,0.6666666666666666,1.0
macdonalda,maddonal,0.3,1.0
fencha,fencd,0.3333333333333333,1.0
maralesa,maall,0.5,1.0
sanforda,laufor,0.5,1.0
bradforda,bradfar,0.3333333333333333,1.0
mclintocka,mcclintrck,0.3,1.0
mcnelya,mcnely,0.14285714285714285,1.0
shewa,sher,0.4,1.0
mcauna,mcca,0.5,1.0
feagleya,feagle,0.25,1.0
liliea,lillie,0.3333333333333333,1.0
beavera,beave,0.2857142857142857,1.0
0a,0,0.5,1.0
mcatea,mcntee,0.3333333333333333,1.0
farmera,farme,0.2857142857142857,1.0
mclelana,mcila,0.5,1.0
scholteacher,slonestohr,0.6666666666666666,1.0
dobricha,dobrich,0.125,1.0
3a,3,0.5,1.0
cotea,cote,0.2,1.0
milsona,nila,0.5714285714285714,1.0
croacha,croac,0.2857142857142857,1.0
walsa,wall,0.4,1.0
larka,lac,0.6,1.0
ca,c1,0.5,1.0
sovenson,swvensoon,0.25,1.0
coka,cook,0.5,1.0
hayena,haye,0.3333333333333333,1.0
sorenson,sorenso,0.125,1.0
lackwod,lachwa,0.42857142857142855,1.0
boatha,reat,0.6666666666666666,1.0
cliford,clifford,0.14285714285714285,1.0
adkinsa,adk,0.5714285714285714,1.0
4a,4,0.5,1.0
4a,4,0.5,1.0
pearla,peve,0.6666666666666666,1.0
parea,har,0.6,1.0
0a,0,0.5,1.0
dickera,hicker,0.2857142857142857,1.0
tryea,trye,0.2,1.0
gilesona,fileson,0.25,1.0
0a,0,0.5,1.0
0a,0,0.5,1.0
0a,0,0.5,1.0
dufya,dufpy,0.4,1.0
sulevan,sullsa,0.42857142857142855,1.0
0a,0,0.5,1.0
0a,0,0.5,1.0
hancocha,haucoch,0.25,1.0
0a,0,0.5,1.0
0a,0,0.5,1.0
wodsona,wodso,0.2857142857142857,1.0
0a,0,0.5,1.0
ca,c2,0.5,1.0
heatha,hecth,0.3333333333333333,1.0
0a,0,0.5,1.0
michela,micheff,0.2857142857142857,1.0
0a,0,0.5,1.0
brghta,bryh,0.5,1.0
casiea,lusi,0.6666666666666666,1.0
malarya,maller,0.5714285714285714,1.0
wathewsa,mathe,0.5,1.0
jinkinsa,jinkinn,0.25,1.0
seiberta,seibit,0.375,1.0
3a,3,0.5,1.0
dareya,darre,0.5,1.0
badya,brd,0.6,1.0
lindsoya,linpsry,0.375,1.0
gofa,goff,0.25,1.0
osbornea,odborn,0.375,1.0
arderson,anders,0.375,1.0
donchuea,donchue,0.125,1.0
younda,jounge,0.5,1.0
cotera,cotter,0.3333333333333333,1.0
0a,0,0.5,1.0
hayea,hay,0.4,1.0
farmera,farme,0.2857142857142857,1.0
fileya,feiley,0.3333333333333333,1.0
fitzgerald,fitzgeral,0.1,1.0
diazya,diezy,0.3333333333333333,1.0
0a,0,0.5,1.0
0a,0,0.5,1.0
lemisa,leris,0.3333333333333333,1.0
2a,3,1.0,1.0
6a,6,0.5,1.0
davidsona,davidso,0.2222222222222222,1.0
0a,0,0.5,1.0
bayesa,baye,0.3333333333333333,1.0
plauta,plau,0.3333333333333333,1.0
gilesa,gills,0.3333333333333333,1.0
0a,0,0.5,1.0
barbaura,basba,0.5,1.0
flitchera,fletchon,0.4444444444444444,1.0
busa,bus,0.25,1.0
wylea,wyle,0.2,1.0
0a,0,0.5,1.0
rilea,rile,0.2,1.0
fostena,foster,0.2857142857142857,1.0
mcmilian,mcmillia,0.25,1.0
wolperta,woolper,0.375,1.0
0a,0,0.5,1.0
warnesa,warne,0.2857142857142857,1.0
0a,0,0.5,1.0
haringa,garrer,0.7142857142857143,1.0
stahla,stechl,0.5,1.0
0a,0,0.5,1.0
gifina,giffin,0.3333333333333333,1.0
3a,3,0.5,1.0
burela,buwnell,0.5,1.0
hardina,harde,0.42857142857142855,1.0
shansea,shavd,0.5714285714285714,1.0
butwilbeusedsolelyinthe,atetlbdeatetet,0.7391304347826086,1.0
ca,c,0.5,1.0
8a,8,0.5,1.0
delgadoa,delead,0.375,1.0
0a,0,0.5,1.0
0a,0,0.5,1.0
weila,gei,0.6,1.0
g3a,h3,0.6666666666666666,1.0
carbera,carbe,0.2857142857142857,1.0
thomasa,thwes,0.5714285714285714,1.0
warea,war,0.4,1.0
salesa,sale,0.3333333333333333,1.0
dunsona,dunsoon,0.2857142857142857,1.0
0a,0,0.5,1.0
mauchester,manchegt,0.4,1.0
6a,0,1.0,1.0
tripleta,trigler,0.375,1.0
chanbersa,chamber,0.3333333333333333,1.0
mata,met,0.5,1.0
stinea,stone,0.3333333333333333,1.0
redera,kader,0.5,1.0
gorcia,gorai,0.3333333333333333,1.0
redmana,rad,0.7142857142857143,1.0
sawmila,sawmil,0.14285714285714285,1.0
kaisera,raise,0.42857142857142855,1.0
0a,0,0.5,1.0
pearsona,pearso,0.25,1.0
fryea,trye,0.4,1.0
gustalsona,gastalso,0.3,1.0
0a,0,0.5,1.0
mckinstry,mckinstrz,0.1111111111111111,1.0
0a,0,0.5,1.0
c4a,h4,0.6666666666666666,1.0
lorensena,doensn,0.4444444444444444,1.0
pronovosta,pronowort,0.3,1.0
figneroa,ligner,0.375,1.0
trousa,grons,0.5,1.0
0a,0,0.5,1.0
0a,0,0.5,1.0
bechmana,bohm,0.625,1.0
gilmonea,gilmon,0.25,1.0
koesela,koessel,0.2857142857142857,1.0
8a,8,0.5,1.0
covea,co,0.6,1.0
dunlaya,dunle,0.42857142857142855,1.0
donalda,tonal,0.42857142857142855,1.0
gibesa,gibees,0.3333333333333333,1.0
castmana,castmm,0.375,1.0
banda,band,0.2,1.0
geagera,yaye,0.7142857142857143,1.0
dentona,penton,0.2857142857142857,1.0
0a,0,0.5,1.0
mcphail,kroga,0.8571428571428571,1.0
olevera,olever,0.14285714285714285,1.0
0a,0,0.5,1.0
0a,0,0.5,1.0
6a,6,0.5,1.0
crancea,canc,0.42857142857142855,1.0
0a,0,0.5,1.0
grahera,grab,0.5714285714285714,1.0
0a,0,0.5,1.0
wemera,menner,0.6666666666666666,1.0
ewinga,ewing,0.16666666666666666,1.0
persona,rerson,0.2857142857142857,1.0
mcelwain,mcglwai,0.25,1.0
culivan,culleivm,0.5714285714285714,1.0
6a,6,0.5,1.0
polinsa,olls,0.5714285714285714,1.0
wasta,was,0.4,1.0
martiney,marting,0.25,1.0
0a,0,0.5,1.0
bentona,benrton,0.2857142857142857,1.0
horta,henr,0.8,1.0
0a,0,0.5,1.0
nofingera,nofpiage,0.4444444444444444,1.0
0a,0,0.5,1.0
lwingstona,lwingston,0.1,1.0
labora,labore,0.16666666666666666,1.0
seamanoa,scam,0.625,1.0
rainoa,rai,0.5,1.0
weshington,wirallngo,0.7,1.0
cromera,crome,0.2857142857142857,1.0
grovea,grove,0.16666666666666666,1.0
0a,0,0.5,1.0
boyesa,byes,0.3333333333333333,1.0
0a,0,0.5,1.0
0a,0,0.5,1.0
batsa,batt,0.4,1.0
farmera,farme,0.2857142857142857,1.0
0a,0,0.5,1.0
farmera,farme,0.2857142857142857,1.0
farmlaborer,farmlabor,0.18181818181818182,1.0
caranaugha,caranau,0.3,1.0
mcgurea,mcggue,0.42857142857142855,1.0
gofa,goff,0.25,1.0
gutchela,gutchell,0.125,1.0
carona,caro,0.3333333333333333,1.0
0a,0,0.5,1.0
frista,frist,0.16666666666666666,1.0
gulera,pull,0.6666666666666666,1.0
klena,sten,0.6,1.0
mourya,moury,0.16666666666666666,1.0
aguinoa,aguin,0.2857142857142857,1.0
wiesa,hiess,0.4,1.0
odona,sllen,1.0,1.0
c4a,c4,0.3333333333333333,1.0
hamera,hanme,0.5,1.0
carmana,garm,0.5714285714285714,1.0
lombardsa,lombard,0.2222222222222222,1.0
mcalistera,mcalliste,0.3,1.0
0a,0,0.5,1.0
berisa,berris,0.3333333333333333,1.0
0a,0,0.5,1.0
harngtona,jarngto,0.3333333333333333,1.0
privatehome,privatehom,0.09090909090909091,1.0
canpbela,canpbel,0.125,1.0
privatehome,privatehom,0.09090909090909091,1.0
3a,3,0.5,1.0
waslingtona,waslnng,0.45454545454545453,1.0
mcgregera,mcgreger,0.1111111111111111,1.0
belera,beller,0.3333333333333333,1.0
mathawsa,matha,0.375,1.0
cortisa,costrs,0.42857142857142855,1.0
caltera,calte,0.2857142857142857,1.0
0a,0,0.5,1.0
kinta,kint,0.2,1.0
stanfera,stauffe,0.5,1.0
lehmana,lehm,0.42857142857142855,1.0
privatehome,rivatehom,0.18181818181818182,1.0
cotonmila,cottonmill,0.2222222222222222,1.0
bacea,bale,0.4,1.0
milarda,millar,0.42857142857142855,1.0
mclea,mclee,0.2,1.0
hara,hor,0.5,1.0
hoda,hog,0.5,1.0
brena,brezn,0.4,1.0
coka,cook,0.5,1.0
mconkey,mccorkey,0.2857142857142857,1.0
bremera,breer,0.2857142857142857,1.0
0a,0,0.5,1.0
0a,0,0.5,1.0
reynalds,refnalel,0.375,1.0
keinea,keine,0.16666666666666666,1.0
janea,lan,0.6,1.0
0a,0,0.5,1.0
boyea,royse,0.6,1.0
0a,0,0.5,1.0
alema,allem,0.4,1.0
8a,8,0.5,1.0
broya,brey,0.4,1.0
jacoba,joa,0.5,1.0
0a,0,0.5,1.0
morena,moren,0.16666666666666666,1.0
stricklanda,strichla,0.36363636363636365,1.0
anea,avo,0.75,1.0
shinera,siinner,0.42857142857142855,1.0
parkesa,parke,0.2857142857142857,1.0
mciutyrea,mcgulge,0.5555555555555556,1.0
mcclintock,mellintoco,0.3,1.0
3a,3,0.5,1.0
0a,0,0.5,1.0
swapea,suoper,0.5,1.0
0a,0,0.5,1.0
0a,0,0.5,1.0
bardena,bordeen,0.42857142857142855,1.0
turneya,durney,0.2857142857142857,1.0
0a,0,0.5,1.0
rolanda,bolan,0.42857142857142855,1.0
0a,0,0.5,1.0
tonesya,galdber,1.0,1.0
gilsa,gile,0.4,1.0
backa,basb,0.6,1.0
warsona,warsoo,0.2857142857142857,1.0
prita,peitt,0.4,1.0
0a,0,0.5,1.0
0a,0,0.5,1.0
farmera,farme,0.2857142857142857,1.0
farmera,farme,0.2857142857142857,1.0
hawela,hawel,0.16666666666666666,1.0
wolfea,wolfe,0.16666666666666666,1.0
mcaulife,mculiffe,0.25,1.0
clarpa,clarp,0.16666666666666666,1.0
0a,0,0.5,1.0
brena,brenn,0.2,1.0
bernenta,bement,0.375,1.0
simesa,simer,0.3333333333333333,1.0
turnesa,durne,0.42857142857142855,1.0
poynea,dayn,0.6666666666666666,1.0
farmera,farme,0.2857142857142857,1.0
c2a,c2,0.3333333333333333,1.0
mcinesa,mehmners,0.7142857142857143,1.0
jenhinsa,jenpins,0.25,1.0
farminga,farmin,0.25,1.0
herlends,fercends,0.25,1.0
fraya,koy,0.8,1.0
crowa,cobe,0.6,1.0
betsa,butto,0.6,1.0
wodrufa,goodrey,0.7142857142857143,1.0
farmera,farme,0.2857142857142857,1.0
cranea,crn,0.5,1.0
0a,0,0.5,1.0
coldwel,coldel,0.14285714285714285,1.0
6a,6,0.5,1.0
h1a,h1,0.3333333333333333,1.0
laylora,layls,0.42857142857142855,1.0
dilarda,dillar,0.42857142857142855,1.0
conraya,canrey,0.42857142857142855,1.0
weitza,hettz,0.5,1.0
hoada,jo,0.8,1.0
0a,0,0.5,1.0
0a,0,0.5,1.0
milina,willin,0.5,1.0
martiner,martine,0.125,1.0
0a,0,0.5,1.0
kogana,day,0.8333333333333334,1.0
hoaga,hena,0.6,1.0
burna,been,0.6,1.0
carta,sah,0.8,1.0
moyea,meoye,0.4,1.0
ca,c2,0.5,1.0
mcneley,mccelly,0.2857142857142857,1.0
0a,0,0.5,1.0
crofa,coroff,0.4,1.0
sanga,can,0.6,1.0
delgadoa,delgad,0.25,1.0
domana,doma,0.3333333333333333,1.0
basa,bas,0.25,1.0
watkera,watke,0.2857142857142857,1.0
mathensa,nuthe,0.625,1.0
3a,3,0.5,1.0
0a,0,0.5,1.0
douda,deud,0.4,1.0
mcbroma,mcboo,0.42857142857142855,1.0
laborera,labore,0.25,1.0
laurya,jaur,0.5,1.0
wiliasa,willia,0.42857142857142855,1.0
macgregora,magrego,0.3,1.0
mahringa,makring,0.25,1.0
hopera,hopper,0.3333333333333333,1.0
turkera,turner,0.2857142857142857,1.0
0a,0,0.5,1.0
joycea,joyee,0.3333333333333333,1.0
hubarda,deever,1.0,1.0
mcelhaneya,mcelhan,0.3,1.0
privatehome,privatehom,0.09090909090909091,1.0
adomsa,chrem,1.0,1.0
stelera,stelaen,0.42857142857142855,1.0
lahea,dab,0.8,1.0
foresa,nores,0.3333333333333333,1.0
lecka,leek,0.4,1.0
ha,h,0.5,1.0
ortza,pitz,0.6,1.0
0a,0,0.5,1.0
0a,0,0.5,1.0
0a,0,0.5,1.0
privatehome,privatehom,0.09090909090909091,1.0
qvena,dale,1.0,1.0
wolfa,wolf,0.2,1.0
0a,0,0.5,1.0
kenerya,kenney,0.42857142857142855,1.0
dietricka,dietrer,0.4444444444444444,1.0
0a,0,0.5,1.0
jonesa,jones,0.16666666666666666,1.0
0a,0,0.5,1.0
mantyla,mantey,0.42857142857142855,1.0
0a,0,0.5,1.0
sheavera,sheeret,0.5,1.0
helma,helm,0.2,1.0
chopmana,clogman,0.375,1.0
duyera,deyer,0.3333333333333333,1.0
carveya,corvey,0.2857142857142857,1.0
cotonmil,cotonmil,0.0,0.0
jewela,jewell,0.16666666666666666,1.0
dalea,dale,0.2,1.0
alesona,alleso,0.42857142857142855,1.0
0a,0,0.5,1.0
doneya,donney,0.3333333333333333,1.0
ralinsa,rallis,0.42857142857142855,1.0
barbonia,barbo,0.375,1.0
0a,0,0.5,1.0
0a,0,0.5,1.0
5a,5,0.5,1.0
5a,5,0.5,1.0
okelea,okeele,0.3333333333333333,1.0
sanera,sannee,0.5,1.0
bukea,duke,0.4,1.0
mureya,meroy,0.5,1.0
renfroea,rengroe,0.25,1.0
mcphail,mcppai,0.2857142857142857,1.0
saulea,saul,0.3333333333333333,1.0
0a,0,0.5,1.0
burya,cerr,0.8,1.0
0a,0,0.5,1.0
corete,corette,0.16666666666666666,1.0
solomana,sclom,0.5,1.0
c2a,c2,0.3333333333333333,1.0
reasa,kess,0.6,1.0
coka,cook,0.5,1.0
wilanda,willan,0.42857142857142855,1.0
krousea,krus,0.42857142857142855,1.0
burneta,burnet,0.14285714285714285,1.0
dekera,deeker,0.3333333333333333,1.0
schneide,schneides,0.125,1.0
6a,6,0.5,1.0
sanders,sannde,0.42857142857142855,1.0
cunmings,cunmmgps,0.375,1.0
0a,0,0.5,1.0
graa,gra,0.25,1.0
walea,hal,0.6,1.0
guina,guinn,0.2,1.0
stevenea,steven,0.25,1.0
reda,redt,0.25,1.0
jena,jenn,0.25,1.0
bernenta,berent,0.25,1.0
ca,h2,1.0,1.0
63a,c4,1.0,1.0
0a,0,0.5,1.0
0a,0,0.5,1.0
farmera,farme,0.2857142857142857,1.0
0a,0,0.5,1.0
labora,labo,0.3333333333333333,1.0
boydea,boyde,0.16666666666666666,1.0
0a,0,0.5,1.0
herenda,hewends,0.2857142857142857,1.0
steverson,stevenson,0.1111111111111111,1.0
0a,0,0.5,1.0
coka,cook,0.5,1.0
4a,4,0.5,1.0
dewala,vewval,0.5,1.0
hariea,sari,0.5,1.0
petesa,peles,0.3333333333333333,1.0
0a,0,0.5,1.0
peckinsa,perkins,0.25,1.0
kupfermana,rupferma,0.3,1.0
maleya,malle,0.5,1.0
farmera,farme,0.2857142857142857,1.0
rodrigusa,rodruigy,0.4444444444444444,1.0
0a,0,0.5,1.0
minera,mainer,0.3333333333333333,1.0
salea,crer,0.8,1.0
6a,6,0.5,1.0
c1a,c1,0.3333333333333333,1.0
0a,0,0.5,1.0
privatehome,privatehom,0.09090909090909091,1.0
humphreya,humhrey,0.2222222222222222,1.0
shelnuta,shelnet,0.25,1.0
erwina,erviin,0.5,1.0
wylea,wyl,0.4,1.0
c4a,c4,0.3333333333333333,1.0
baira,bai,0.4,1.0
pitsa,et,0.8,1.0
polocka,dollec,0.7142857142857143,1.0
recea,poce,0.6,1.0
abata,abbat,0.4,1.0
dymona,dymaon,0.3333333333333333,1.0
bonila,bonill,0.16666666666666666,1.0
dunlapa,dunla,0.2857142857142857,1.0
crahama,coaha,0.42857142857142855,1.0
manona,mano,0.3333333333333333,1.0
matison,matteso,0.42857142857142855,1.0
0a,0,0.5,1.0
0a,0,0.5,1.0
ragera,rage,0.3333333333333333,1.0
0a,0,0.5,1.0
melsha,neks,0.6666666666666666,1.0
bultona,burton,0.2857142857142857,1.0
cotonmil,cottonmill,0.25,1.0
balta,belt,0.4,1.0
jensona,jeson,0.2857142857142857,1.0
cleya,coary,0.8,1.0
wadlea,wadl,0.3333333333333333,1.0
kalea,kal,0.4,1.0
coka,cook,0.5,1.0
leamana,lean,0.42857142857142855,1.0
0a,0,0.5,1.0
6a,6,0.5,1.0
kersa,har,0.8,1.0
nersa,nerg,0.4,1.0
kena,ker,0.5,1.0
c4a,c4,0.3333333333333333,1.0
0a,0,0.5,1.0
0a,0,0.5,1.0
humphreya,hunpbrey,0.3333333333333333,1.0
8a,8,0.5,1.0
martinoa,nartin,0.375,1.0
0a,0,0.5,1.0
youa,,1.0,1.0
saydera,sayder,0.14285714285714285,1.0
caina,coinn,0.4,1.0
folea,lole,0.4,1.0
maniea,manni,0.5,1.0
pearsona,pearso,0.25,1.0
mcalister,mcallinte,0.3333333333333333,1.0
crauforda,craufor,0.2222222222222222,1.0
mcnarya,mcar,0.42857142857142855,1.0
0a,0,0.5,1.0
marinoa,marn,0.42857142857142855,1.0
cora,core,0.25,1.0
0a,0,0.5,1.0
karea,danl,0.8,1.0
bacona,baco,0.3333333333333333,1.0
leisa,leevis,0.6,1.0
tewisa,lewes,0.5,1.0
yarborough,jalborag,0.5,1.0
plucha,blech,0.5,1.0
6a,6,0.5,1.0
farmera,farme,0.2857142857142857,1.0
fricea,fric,0.3333333333333333,1.0
wliamsa,willian,0.7142857142857143,1.0
0a,0,0.5,1.0
wilkinsona,wilkeinson,0.2,1.0
sharota,sherra,0.42857142857142855,1.0
marchala,marchel,0.25,1.0
maida,mai,0.4,1.0
cotonmil,cottonmill,0.25,1.0
c2a,c2,0.3333333333333333,1.0
mantgomerya,mentgone,0.45454545454545453,1.0
hazea,har,0.6,1.0
0a,0,0.5,1.0
coka,cook,0.5,1.0
0a,0,0.5,1.0
farmera,farme,0.2857142857142857,1.0
locka,delock,0.6,1.0
fergesona,fergusa,0.3333333333333333,1.0
herendoa,hreend,0.5,1.0
gravisa,goari,0.5714285714285714,1.0
halfina,halpi,0.42857142857142855,1.0
0a,0,0.5,1.0
higina,higgin,0.3333333333333333,1.0
0a,0,0.5,1.0
0a,0,0.5,1.0
0a,0,0.5,1.0
morisa,moris,0.16666666666666666,1.0
hensley,hensley,0.0,0.0
corlson,carlso,0.2857142857142857,1.0
c2a,c2,0.3333333333333333,1.0
0a,0,0.5,1.0
0a,0,0.5,1.0
copea,code,0.4,1.0
muraya,mura,0.3333333333333333,1.0
0a,0,0.5,1.0
reana,rea,0.4,1.0
paulea,paul,0.3333333333333333,1.0
marsa,mar,0.4,1.0
farmera,farme,0.2857142857142857,1.0
thethirdreasonisthathesupreme,heshonosoloarsheion,0.7586206896551724,1.0
parksa,parb,0.5,1.0
farmera,farme,0.2857142857142857,1.0
huchesa,huche,0.2857142857142857,1.0
rela,be,0.75,1.0
malonea,malo,0.42857142857142855,1.0
listera,lister,0.14285714285714285,1.0
ha,h,0.5,1.0
0a,0,0.5,1.0
pira,pinr,0.5,1.0
percya,pei,0.6666666666666666,1.0
canleya,coley,0.42857142857142855,1.0
beacha,besch,0.3333333333333333,1.0
leonarda,leoa,0.5,1.0
4a,4,0.5,1.0
mackya,mack,0.3333333333333333,1.0
farminga,farmin,0.25,1.0
walesa,wal,0.5,1.0
graa,gra,0.25,1.0
pederson,pederson,0.0,0.0
0a,0,0.5,1.0
mercadoy,mercade,0.25,1.0
salya,sall,0.4,1.0
hilmana,rillson,0.7142857142857143,1.0
hughera,haghe,0.42857142857142855,1.0
ostera,pate,0.6666666666666666,1.0
costele,costetl,0.2857142857142857,1.0
hamilon,hamllo,0.2857142857142857,1.0
galdmana,galdm,0.375,1.0
whitahera,whitsher,0.2222222222222222,1.0
coneya,conne,0.5,1.0
winsena,winesn,0.42857142857142855,1.0
schraedera,schraede,0.2,1.0
6a,6,0.5,1.0
keneya,keney,0.16666666666666666,1.0
0a,0,0.5,1.0
meanoa,mean,0.3333333333333333,1.0
birda,bircl,0.4,1.0
kinta,kurtz,0.6,1.0
farmera,farme,0.2857142857142857,1.0
0a,0,0.5,1.0
groenewold,groenewoll,0.1,1.0
hawleya,hawle,0.2857142857142857,1.0
5a,5,0.5,1.0
0a,0,0.5,1.0
0a,0,0.5,1.0
hayta,hay,0.4,1.0
0a,0,0.5,1.0
christianson,sheislimmson,0.4166666666666667,1.0
halfielda,halfuel,0.3333333333333333,1.0
shechana,sheeha,0.375,1.0
8a,8,0.5,1.0
holina,dollin,0.5,1.0
sautha,saut,0.3333333333333333,1.0
maida,mai,0.4,1.0
belena,bellow,0.5,1.0
stena,stees,0.4,1.0
sotoa,luto,0.6,1.0
hoasa,hos,0.4,1.0
farmera,farme,0.2857142857142857,1.0
coneya,booney,0.5,1.0
0a,0,0.5,1.0
hultona,halton,0.2857142857142857,1.0
maynard,mayna,0.2857142857142857,1.0
balana,ball,0.5,1.0
alkinsa,atgr,0.8571428571428571,1.0
mcivera,mcdver,0.2857142857142857,1.0
maida,mai,0.4,1.0
aniea,linn,0.8,1.0
leala,lea,0.4,1.0
0a,0,0.5,1.0
kiemana,kiema,0.2857142857142857,1.0
coltona,coullon,0.42857142857142855,1.0
0a,0,0.5,1.0
mercado,mercad,0.14285714285714285,1.0
vaughna,vaughe,0.2857142857142857,1.0
revera,roer,0.5,1.0
suleya,seley,0.3333333333333333,1.0
plucha,pluce,0.3333333333333333,1.0
talea,sal,0.6,1.0
8a,8,0.5,1.0
mcquire,mcguire,0.14285714285714285,1.0
ogara,oar,0.4,1.0
camesa,came,0.3333333333333333,1.0
gerona,ceon,0.5,1.0
0a,0,0.5,1.0
0a,0,0.5,1.0
owena,owen,0.2,1.0
farmera,farme,0.2857142857142857,1.0
lewina,derli,0.8333333333333334,1.0
0a,0,0.5,1.0
cowera,corr,0.5,1.0
hawela,hawwl,0.3333333333333333,1.0
devorea,devve,0.42857142857142855,1.0
macleana,mcll,0.625,1.0
keida,holi,1.0,1.0
mcola,mccal,0.6,1.0
0a,0,0.5,1.0
mckenziea,mckenzie,0.1111111111111111,1.0
8a,8,0.5,1.0
0a,0,0.5,1.0
taylara,tayl,0.42857142857142855,1.0
dudleya,dulley,0.2857142857142857,1.0
brautleya,brautle,0.2222222222222222,1.0
betlera,berler,0.2857142857142857,1.0
batchelor,batchelle,0.2222222222222222,1.0
mansona,mannso,0.42857142857142855,1.0
7a,7,0.5,1.0
cla,s,1.0,1.0
brena,brenn,0.2,1.0
judkinsa,jadkins,0.25,1.0
simsa,swes,0.6,1.0
0a,0,0.5,1.0
fucksa,fucks,0.16666666666666666,1.0
andersna,dudls,0.75,1.0
mclauglina,mchauegli,0.4,1.0
montgomery,montgane,0.4,1.0
0a,0,0.5,1.0
ruhna,kechn,0.8,1.0
4a,4,0.5,1.0
romeya,romey,0.16666666666666666,1.0
wileya,wilar,0.5,1.0
carisa,cari,0.3333333333333333,1.0
0a,0,0.5,1.0
smithea,srnihe,0.5714285714285714,1.0
0a,0,0.5,1.0
bonusa,benes,0.5,1.0
c4a,c4,0.3333333333333333,1.0
0a,0,0.5,1.0
0a,0,0.5,1.0
0a,0,0.5,1.0
cotonmil,pawtonmill,0.5,1.0
yonga,yanng,0.6,1.0
0a,0,0.5,1.0
0a,0,0.5,1.0
demana,dema,0.3333333333333333,1.0
janea,gane,0.4,1.0
thorntona,thonto,0.3333333333333333,1.0
brenona,brenno,0.2857142857142857,1.0
grenberga,grenbrg,0.2222222222222222,1.0
clena,ceelle,0.8,1.0
kramesa,krane,0.42857142857142855,1.0
tarisa,tarri,0.5,1.0
dichla,dichl,0.16666666666666666,1.0
brermana,brerna,0.25,1.0
8a,8,0.5,1.0
rota,rott,0.25,1.0
nichansa,michan,0.375,1.0
hanera,han,0.5,1.0
ala,,1.0,1.0
monea,mone,0.2,1.0
5a,5,0.5,1.0
5a,5,0.5,1.0
0a,0,0.5,1.0
shringer,shpringer,0.125,1.0
denesa,denes,0.16666666666666666,1.0
0a,0,0.5,1.0
formera,fare,0.5714285714285714,1.0
gilesa,jiles,0.3333333333333333,1.0
hinta,hint,0.2,1.0
papusa,papp,0.5,1.0
montgmerya,mautgmer,0.4,1.0
krafa,kpah,0.6,1.0
haucha,hau,0.5,1.0
artona,orton,0.3333333333333333,1.0
0a,0,0.5,1.0
laigea,lag,0.5,1.0
chawa,cha,0.4,1.0
cotonmil,cottonmil,0.125,1.0
michelsona,michelsa,0.2,1.0
cotonmil,cottonsmill,0.375,1.0
crowforda,coufey,0.6666666666666666,1.0
hefemana,heffem,0.5,1.0
0a,0,0.5,1.0
0a,0,0.5,1.0
labora,laboo,0.3333333333333333,1.0
0a,0,0.5,1.0
deyounga,depung,0.375,1.0
rakera,gake,0.5,1.0
garcina,gari,0.42857142857142855,1.0
erickson,srrickson,0.25,1.0
0a,0,0.5,1.0
mofota,moffatt,0.5,1.0
ronea,pouer,0.6,1.0
kinta,sint,0.4,1.0
camya,cam,0.4,1.0
hufa,line,1.0,1.0
scolta,jchlt,0.5,1.0
townsena,hawnse,0.5,1.0
coka,cook,0.5,1.0
howvatha,howvat,0.25,1.0
farmera,farme,0.2857142857142857,1.0
perza,perls,0.4,1.0
petera,peter,0.16666666666666666,1.0
0a,0,0.5,1.0
ca,c,0.5,1.0
0a,0,0.5,1.0
alamsa,adam,0.5,1.0
mcculougha,mcculboug,0.3,1.0
0a,0,0.5,1.0
lincha,linch,0.16666666666666666,1.0
0a,0,0.5,1.0
mesera,messer,0.3333333333333333,1.0
ifyouwerealthatfondofalicehewasinteruptedbythe,teesesbesealesbael,0.8478260869565217,1.0
gorcia,gorei,0.3333333333333333,1.0
smala,smal,0.2,1.0
4a,4,0.5,1.0
veleya,fieley,0.5,1.0
smithea,smith,0.2857142857142857,1.0
clements,alements,0.125,1.0
0a,0,0.5,1.0
coka,cook,0.5,1.0
riosa,ris,0.4,1.0
leroya,leroy,0.16666666666666666,1.0
0a,0,0.5,1.0
norkisa,worhis,0.42857142857142855,1.0
snona,snea,0.4,1.0
martisa,mart,0.42857142857142855,1.0
0a,0,0.5,1.0
dunlopa,danle,0.5714285714285714,1.0
carnesa,carve,0.42857142857142855,1.0
rosarioa,rosari,0.25,1.0
0a,0,0.5,1.0
camberta,comber,0.375,1.0
mcgenis,mcgennis,0.14285714285714285,1.0
0a,0,0.5,1.0
swana,swa,0.4,1.0
lerisa,levri,0.5,1.0
kinea,kine,0.2,1.0
0a,0,0.5,1.0
c2a,c2,0.3333333333333333,1.0
walona,clllo,0.8333333333333334,1.0
herona,kemen,0.6666666666666666,1.0
0a,0,0.5,1.0
0a,0,0.5,1.0
0a,0,0.5,1.0
homea,hoe,0.4,1.0
heatha,heat,0.3333333333333333,1.0
0a,0,0.5,1.0
wernera,herner,0.2857142857142857,1.0
farmera,farme,0.2857142857142857,1.0
0a,4,1.0,1.0
tulivana,tulllva,0.5,1.0
0a,0,0.5,1.0
demarcoa,demrc,0.375,1.0
calderona,laldero,0.3333333333333333,1.0
josea,goss,0.6,1.0
0a,0,0.5,1.0
farmera,farme,0.2857142857142857,1.0
mcwiliam,mcmillso,0.5,1.0
0a,0,0.5,1.0
flomersa,feners,0.5,1.0
nesbeta,nesbett,0.14285714285714285,1.0
macheya,macke,0.42857142857142855,1.0
hachnela,hachne,0.25,1.0
patena,patt,0.5,1.0
mcclintock,mcclintber,0.3,1.0
maida,mai,0.4,1.0
2a,2,0.5,1.0
farminga,farmin,0.25,1.0
8a,8,0.5,1.0
timermana,timmerma,0.3333333333333333,1.0
byrnea,abrne,0.5,1.0
ortza,detz,0.6,1.0
lownsenda,fownren,0.4444444444444444,1.0
0a,0,0.5,1.0
salesmana,salesm,0.3333333333333333,1.0
farmera,farme,0.2857142857142857,1.0
davia,deri,0.6,1.0
6a,6,0.5,1.0
beakea,beak,0.3333333333333333,1.0
faylora,paylo,0.42857142857142855,1.0
carda,curd,0.4,1.0
0a,0,0.5,1.0
scuta,stutt,0.4,1.0
lackwod,lackwood,0.14285714285714285,1.0
sawzera,sawze,0.2857142857142857,1.0
shefert,sheffert,0.14285714285714285,1.0
wintona,wintin,0.2857142857142857,1.0
halidey,hllid,0.42857142857142855,1.0
0a,0,0.5,1.0
kaulmana,kaupe,0.625,1.0
farmera,farme,0.2857142857142857,1.0
odamsa,clsa,0.6666666666666666,1.0
farmera,farme,0.2857142857142857,1.0
mcglea,mcghee,0.3333333333333333,1.0
kringa,kig,0.5,1.0
privatehome,privatehom,0.09090909090909091,1.0
waighta,maigh,0.42857142857142855,1.0
berisa,berri,0.5,1.0
jaynera,jane,0.42857142857142855,1.0
0a,0,0.5,1.0
caliea,calli,0.5,1.0
0a,0,0.5,1.0
cora,car,0.5,1.0
chaveya,shadey,0.42857142857142855,1.0
mcobea,mccobe,0.3333333333333333,1.0
lowisa,gowis,0.3333333333333333,1.0
ayersa,ayers,0.16666666666666666,1.0
negenta,negen,0.2857142857142857,1.0
0a,0,0.5,1.0
0a,0,0.5,1.0
hodgera,hodger,0.14285714285714285,1.0
h2a,h2,0.3333333333333333,1.0
barlona,barlo,0.2857142857142857,1.0
deskina,diskin,0.2857142857142857,1.0
farmera,farme,0.2857142857142857,1.0
handerson,hanberso,0.2222222222222222,1.0
gongalesa,gongale,0.2222222222222222,1.0
coka,caok,0.5,1.0
pringa,pring,0.16666666666666666,1.0
vanslykea,vande,0.5555555555555556,1.0
alvarya,alvar,0.2857142857142857,1.0
conea,covs,0.6,1.0
colonela,colonel,0.125,1.0
mckowna,mckown,0.14285714285714285,1.0
farmera,farme,0.2857142857142857,1.0
0a,0,0.5,1.0
0a,0,0.5,1.0
0a,0,0.5,1.0
gouzalez,fauzale,0.375,1.0
kaufmana,kaufm,0.375,1.0
hordena,horden,0.14285714285714285,1.0
lufeya,luffey,0.3333333333333333,1.0
0a,0,0.5,1.0
3a,3,0.5,1.0
derya,deny,0.4,1.0
casta,crst,0.4,1.0
coka,cook,0.5,1.0
mconel,mccnenel,0.5,1.0
ca,c2,0.5,1.0
tonesa,foues,0.5,1.0
yorka,yorp,0.4,1.0
mcelhenry,mcelke,0.4444444444444444,1.0
0a,0,0.5,1.0
h4a,h2,0.6666666666666666,1.0
c2a,c2,0.3333333333333333,1.0
balona,ball,0.5,1.0
fergusona,fergeson,0.2222222222222222,1.0
thisendsa,hisods,0.4444444444444444,1.0
0a,0,0.5,1.0
cokleya,coskley,0.2857142857142857,1.0
fretza,fayt,0.6666666666666666,1.0
0a,0,0.5,1.0
betlera,zelter,0.5714285714285714,1.0
0a,0,0.5,1.0
howvatha,horat,0.5,1.0
brownlera,browal,0.4444444444444444,1.0
horisa,horis,0.16666666666666666,1.0
folea,fool,0.6,1.0
0a,0,0.5,1.0
adansa,adan,0.3333333333333333,1.0
mcalester,mcaleste,0.1111111111111111,1.0
sterensa,sterens,0.125,1.0
kotha,lauth,0.8,1.0
0a,0,0.5,1.0
silesa,sites,0.3333333333333333,1.0
0a,0,0.5,1.0
0a,0,0.5,1.0
teachera,tache,0.375,1.0
haydta,hayd,0.3333333333333333,1.0
eckenfels,eckenfels,0.0,0.0
grenea,greene,0.3333333333333333,1.0
casha,rish,0.6,1.0
c1a,c2,0.6666666666666666,1.0
gebarta,debbar,0.5714285714285714,1.0
charea,char,0.3333333333333333,1.0
chavea,chev,0.5,1.0
0a,0,0.5,1.0
0a,0,0.5,1.0
prectona,prton,0.375,1.0
costera,coster,0.14285714285714285,1.0
proctera,peoter,0.375,1.0
mcmilena,mcmillen,0.25,1.0
fracea,trac,0.5,1.0
0a,0,0.5,1.0
0a,0,0.5,1.0
mcnerneya,mckerre,0.4444444444444444,1.0
cotonmil,cottonill,0.375,1.0
jinkinsa,jankin,0.375,1.0
0a,0,0.5,1.0
marona,marso,0.5,1.0
0a,0,0.5,1.0
comana,coma,0.3333333333333333,1.0
4a,h,1.0,1.0
mcarter,mccarte,0.2857142857142857,1.0
0a,0,0.5,1.0
garcisa,garl,0.5714285714285714,1.0
0a,0,0.5,1.0
nilsa,fills,0.6,1.0
farmera,farme,0.2857142857142857,1.0
5a,5,0.5,1.0
0a,0,0.5,1.0
eforta,t,0.8333333333333334,1.0
rowlanda,rewlen,0.5,1.0
farmera,farme,0.2857142857142857,1.0
6a,6,0.5,1.0
mckelvey,mckelvey,0.0,0.0
0a,0,0.5,1.0
7a,7,0.5,1.0
lovisa,lavi,0.5,1.0
0a,0,0.5,1.0
0a,0,0.5,1.0
7a,7,0.5,1.0
h4a,h4,0.3333333333333333,1.0
walbera,waalbe,0.42857142857142855,1.0
mcnealya,mcneal,0.25,1.0
0a,0,0.5,1.0
6a,6,0.5,1.0
0a,0,0.5,1.0
3a,3,0.5,1.0
parla,parl,0.2,1.0
wentera,wentte,0.42857142857142855,1.0
mcarya,mcdsar,0.6666666666666666,1.0
schults,schultz,0.14285714285714285,1.0
grea,greee,0.5,1.0
mildred,mildrey,0.14285714285714285,1.0
boydea,bayd,0.5,1.0
0a,0,0.5,1.0
0a,0,0.5,1.0
0a,0,0.5,1.0
hostera,hoster,0.14285714285714285,1.0
dugana,gga,0.6666666666666666,1.0
foyda,hoyd,0.4,1.0
0a,0,0.5,1.0
grimesa,mrae,0.7142857142857143,1.0
putena,putten,0.3333333333333333,1.0
bornet,buner,0.5,1.0
farmera,farme,0.2857142857142857,1.0
munisa,morci,0.8333333333333334,1.0
walkena,walke,0.2857142857142857,1.0
clarea,clrk,0.5,1.0
bola,bol,0.25,1.0
thomea,thome,0.16666666666666666,1.0
berna,beon,0.4,1.0
babrocka,babsoc,0.375,1.0
balinger,ballinge,0.25,1.0
wesa,ness,0.5,1.0
montgmery,mcntgmnerr,0.3333333333333333,1.0
ha,h,0.5,1.0
e3a,h2,1.0,1.0
suntera,hrnter,0.42857142857142855,1.0
wilsa,wie,0.6,1.0
jorgenson,jargens,0.3333333333333333,1.0
0a,0,0.5,1.0
leana,lean,0.2,1.0
witsona,nitsn,0.42857142857142855,1.0
rosadoa,roscd,0.42857142857142855,1.0
macphersona,mapherso,0.2727272727272727,1.0
3a,8,1.0,1.0
wathinsa,watkmi,0.625,1.0
shelsa,sheels,0.3333333333333333,1.0
0a,0,0.5,1.0
olaya,bla,0.6,1.0
privatehome,privatehom,0.09090909090909091,1.0
hoda,hoa,0.25,1.0
calmana,cehma,0.5714285714285714,1.0
salesmana,saloesn,0.4444444444444444,1.0
0a,8,1.0,1.0
beyera,baye,0.5,1.0
conana,gow,0.8333333333333334,1.0
lylera,laa,0.6666666666666666,1.0
0a,0,0.5,1.0
watersa,waler,0.42857142857142855,1.0
melendeza,melender,0.2222222222222222,1.0
0a,0,0.5,1.0
chila,cill,0.4,1.0
zimerman,zemmerma,0.375,1.0
0a,0,0.5,1.0
lina,finn,0.5,1.0
0a,0,0.5,1.0
lunea,lune,0.2,1.0
3a,3,0.5,1.0
lovisa,covis,0.3333333333333333,1.0
cochrama,cochva,0.375,1.0
0a,0,0.5,1.0
concha,cove,0.6666666666666666,1.0
mcmorowa,mcmorrow,0.25,1.0
balera,sale,0.5,1.0
rapleyea,rapply,0.5,1.0
courada,conra,0.42857142857142855,1.0
hensleya,hensle,0.25,1.0
farmera,farme,0.2857142857142857,1.0
hoysa,hogs,0.4,1.0
pala,pal,0.25,1.0
matona,metto,0.6666666666666666,1.0
ha,h,0.5,1.0
harsona,harrtso,0.5714285714285714,1.0
farmera,farme,0.2857142857142857,1.0
8a,5,1.0,1.0
browna,brown,0.16666666666666666,1.0
0a,0,0.5,1.0
gearhart,gearh,0.375,1.0
yornga,yarrey,0.6666666666666666,1.0
farmera,farme,0.2857142857142857,1.0
couleya,couley,0.14285714285714285,1.0
newmana,nema,0.42857142857142855,1.0
ginesa,gimes,0.3333333333333333,1.0
dauglasa,daugl,0.375,1.0
alna,ola,0.5,1.0
halfina,helfin,0.2857142857142857,1.0
boba,babb,0.5,1.0
hopera,hooyes,0.6666666666666666,1.0
halta,hett,0.6,1.0
hentera,henter,0.14285714285714285,1.0
finsleya,ginsley,0.25,1.0
hanka,hau,0.6,1.0
oneila,oneil,0.16666666666666666,1.0
arthera,adlr,0.7142857142857143,1.0
kampa,kam,0.4,1.0
rainoa,pain,0.5,1.0
privatehome,privatehom,0.09090909090909091,1.0
0a,0,0.5,1.0
leveya,kergy,0.6666666666666666,1.0
farmera,farme,0.2857142857142857,1.0
tofta,togr,0.6,1.0
maida,mai,0.4,1.0
0a,0,0.5,1.0
bultona,bolto,0.42857142857142855,1.0
adansona,adanso,0.25,1.0
wearera,weave,0.42857142857142855,1.0
0a,0,0.5,1.0
arnalda,boal,0.7142857142857143,1.0
kosea,kose,0.2,1.0
mcelroya,mcegeoy,0.375,1.0
wita,witt,0.25,1.0
bokera,booher,0.5,1.0
0a,0,0.5,1.0
darya,lar,0.6,1.0
0a,0,0.5,1.0
0a,0,0.5,1.0
lemisa,lenis,0.3333333333333333,1.0
0a,0,0.5,1.0
marksa,mark,0.3333333333333333,1.0
farmera,farme,0.2857142857142857,1.0
0a,2,1.0,1.0
galdberg,baldber,0.25,1.0
pearea,pear,0.3333333333333333,1.0
ca,c2,0.5,1.0
blea,glev,0.5,1.0
carnesa,herne,0.5714285714285714,1.0
0a,0,0.5,1.0
youa,,1.0,1.0
campbela,comph,0.625,1.0
baykina,bayki,0.2857142857142857,1.0
nievesa,nieves,0.14285714285714285,1.0
0a,0,0.5,1.0
teplera,jegter,0.5714285714285714,1.0
halena,balle,0.6666666666666666,1.0
berisa,berriis,0.5,1.0
jonesa,joness,0.16666666666666666,1.0
wena,wunn,0.5,1.0
sarka,sar,0.4,1.0
waldsa,wald,0.3333333333333333,1.0
stalsothathemoreinsolubleleadsulphate,steteesoeoehlete,0.6756756756756757,1.0
thomasona,koompson,0.4444444444444444,1.0
ruchera,rucker,0.2857142857142857,1.0
barcley,barcle,0.14285714285714285,1.0
joynesa,joyner,0.2857142857142857,1.0
5a,5,0.5,1.0
kreger,reeger,0.3333333333333333,1.0
0a,0,0.5,1.0
farmera,farme,0.2857142857142857,1.0
0a,0,0.5,1.0
jarsona,larso,0.42857142857142855,1.0
fanka,fran,0.6,1.0
juina,furk,0.8,1.0
ha,h,0.5,1.0
7a,2,1.0,1.0
coka,cook,0.5,1.0
labora,labo,0.3333333333333333,1.0
jewela,jen,0.6666666666666666,1.0
lavera,lave,0.3333333333333333,1.0
0a,0,0.5,1.0
copeland,capela,0.375,1.0
burgersa,bugers,0.25,1.0
4a,4,0.5,1.0
lanta,san,0.6,1.0
0a,0,0.5,1.0
crovina,crovir,0.2857142857142857,1.0
0a,0,0.5,1.0
mesa,mess,0.25,1.0
lena,lenn,0.25,1.0
mcgregar,mccuge,0.625,1.0
yanga,jan,0.6,1.0
rolina,rolin,0.16666666666666666,1.0
mclauda,mclau,0.2857142857142857,1.0
herna,derry,0.6,1.0
brada,bra,0.4,1.0
hultona,helto,0.42857142857142855,1.0
vanhorna,vanhor,0.25,1.0
0a,0,0.5,1.0
smala,shal,0.4,1.0
cariona,carrin,0.42857142857142855,1.0
4a,4,0.5,1.0
hulera,buller,0.5,1.0
cotonmil,cottonmill,0.25,1.0
5a,5,0.5,1.0
0a,0,0.5,1.0
perfecta,,1.0,1.0
h2a,h2,0.3333333333333333,1.0
latzera,letzer,0.2857142857142857,1.0
jucka,juck,0.2,1.0
waldsona,wardso,0.375,1.0
lenarda,lena,0.42857142857142855,1.0
whitea,wiitte,0.5,1.0
0a,0,0.5,1.0
mculocha,mcculloch,0.375,1.0
privatehome,privatehom,0.09090909090909091,1.0
carpentera,crwpuite,0.6,1.0
0a,0,0.5,1.0
5a,5,0.5,1.0
coka,cook,0.5,1.0
fishea,riche,0.5,1.0
0a,0,0.5,1.0
curana,curra,0.3333333333333333,1.0
pomersa,pomers,0.14285714285714285,1.0
mathiena,mathie,0.25,1.0
farmera,farme,0.2857142857142857,1.0
cransa,cradll,0.5,1.0
0a,0,0.5,1.0
0a,0,0.5,1.0
sheavera,shease,0.375,1.0
0a,0,0.5,1.0
palacka,pallac,0.42857142857142855,1.0
mciutyrea,mcntgre,0.4444444444444444,1.0
monea,mceghon,1.2,1.0
cronea,coone,0.3333333333333333,1.0
montgomera,mantgame,0.4,1.0
privatehome,privatehom,0.09090909090909091,1.0
brendena,boede,0.5,1.0
hamptona,haupto,0.375,1.0
vanslykea,vanslfb,0.4444444444444444,1.0
pala,wal,0.5,1.0
hinga,heny,0.6,1.0
3a,3,0.5,1.0
medletona,neddleston,0.4444444444444444,1.0
0a,0,0.5,1.0
obryanta,obryan,0.25,1.0
euglisha,egli,0.5,1.0
cunighama,cunnigha,0.3333333333333333,1.0
cotoa,cobo,0.4,1.0
0a,0,0.5,1.0
privatehome,privatehom,0.09090909090909091,1.0
0a,0,0.5,1.0
dinea,dens,0.6,1.0
farmera,farme,0.2857142857142857,1.0
0a,0,0.5,1.0
0a,0,0.5,1.0
0a,0,0.5,1.0
maloya,mallo,0.5,1.0
farmera,farme,0.2857142857142857,1.0
farmera,farme,0.2857142857142857,1.0
yacka,sac,0.6,1.0
8a,3,1.0,1.0
gura,gur,0.25,1.0
0a,0,0.5,1.0
welsa,nells,0.6,1.0
0a,0,0.5,1.0
0a,0,0.5,1.0
cotonmil,cottonmill,0.25,1.0
3a,3,0.5,1.0
c4a,c4,0.3333333333333333,1.0
janesa,jannls,0.5,1.0
jerya,bere,0.6,1.0
c4a,c4,0.3333333333333333,1.0
ralinsa,rollins,0.42857142857142855,1.0
dolana,dola,0.3333333333333333,1.0
vegaya,vega,0.3333333333333333,1.0
theyalhadthatneatlokof,aeateaeteele,0.7272727272727273,1.0
0a,0,0.5,1.0
3a,3,0.5,1.0
bendera,bender,0.14285714285714285,1.0
alxandera,alyande,0.3333333333333333,1.0
lyncka,lynck,0.16666666666666666,1.0
carela,carrl,0.3333333333333333,1.0
0a,0,0.5,1.0
7a,7,0.5,1.0
londona,londa,0.2857142857142857,1.0
farmera,farme,0.2857142857142857,1.0
3a,3,0.5,1.0
8a,8,0.5,1.0
oshielda,afhield,0.375,1.0
mathewa,mollte,0.8571428571428571,1.0
rusa,rucs,0.5,1.0
0a,0,0.5,1.0
mendeya,mordy,0.5714285714285714,1.0
0a,0,0.5,1.0
0a,0,0.5,1.0
5a,5,0.5,1.0
0a,0,0.5,1.0
mcburney,goberny,0.5,1.0
strama,stra,0.3333333333333333,1.0
oniela,oriel,0.3333333333333333,1.0
casona,caso,0.3333333333333333,1.0
0a,0,0.5,1.0
bowesa,bowr,0.5,1.0
portesa,portes,0.14285714285714285,1.0
caltera,coalt,0.5714285714285714,1.0
malaya,melley,0.6666666666666666,1.0
c1a,h4,1.0,1.0
roucha,cooil,0.8333333333333334,1.0
shopa,shoop,0.4,1.0
damsona,danso,0.42857142857142855,1.0
benta,beutz,0.4,1.0
farmera,farme,0.2857142857142857,1.0
nichalson,wachalso,0.3333333333333333,1.0
kregera,rugien,0.7142857142857143,1.0
c2a,c2,0.3333333333333333,1.0
gitchela,jitchell,0.25,1.0
0a,0,0.5,1.0
johsona,johson,0.14285714285714285,1.0
briea,briere,0.4,1.0
henta,hent,0.2,1.0
thimpsona,kimmpe,0.7777777777777778,1.0
grifena,gryfer,0.42857142857142855,1.0
carnera,carne,0.2857142857142857,1.0
h1a,h,0.6666666666666666,1.0
arnesa,arne,0.3333333333333333,1.0
resa,bees,0.75,1.0
0a,0,0.5,1.0
maleya,bualle,0.8333333333333334,1.0
belena,bellen,0.3333333333333333,1.0
harkera,harde,0.42857142857142855,1.0
matona,meto,0.5,1.0
shelden,sheldon,0.14285714285714285,1.0
regana,ves,0.8333333333333334,1.0
0a,0,0.5,1.0
0a,0,0.5,1.0
peckins,pakins,0.2857142857142857,1.0
diaga,slia,0.8,1.0
canera,canne,0.5,1.0
homea,hone,0.4,1.0
labora,labo,0.3333333333333333,1.0
laborera,farme,0.75,1.0
hermlea,hermle,0.14285714285714285,1.0
0a,0,0.5,1.0
regera,ropee,0.6666666666666666,1.0
tonresa,tarres,0.42857142857142855,1.0
0a,0,0.5,1.0
jaynesa,jayne,0.2857142857142857,1.0
cosha,coak,0.6,1.0
kanera,kav,0.6666666666666666,1.0
privatehome,privaehom,0.18181818181818182,1.0
mcdanela,mcdauel,0.25,1.0
alera,aile,0.6,1.0
casleya,casle,0.2857142857142857,1.0
weira,wei,0.4,1.0
sosera,sosra,0.16666666666666666,1.0
mconela,mcconnel,0.42857142857142855,1.0
0a,0,0.5,1.0
mongana,monga,0.2857142857142857,1.0
gifina,jiflin,0.5,1.0
slarka,gear,0.6666666666666666,1.0
kostera,rosker,0.42857142857142855,1.0
grenea,grene,0.16666666666666666,1.0
tolya,tolly,0.4,1.0
sawmila,sawmil,0.14285714285714285,1.0
haresa,harre,0.5,1.0
farmera,farme,0.2857142857142857,1.0
papea,pap,0.4,1.0
shinera,shinner,0.2857142857142857,1.0
farmlaborer,farmlabo,0.2727272727272727,1.0
0a,0,0.5,1.0
kinera,liner,0.3333333333333333,1.0
payna,paye,0.4,1.0
cunesa,bunes,0.3333333333333333,1.0
kinea,kinne,0.4,1.0
farma,h,1.0,1.0
wagnea,wagne,0.16666666666666666,1.0
cunesa,cunes,0.16666666666666666,1.0
mackya,mcck,0.5,1.0
0a,0,0.5,1.0
maynarda,mayna,0.375,1.0
wefa,wele,0.5,1.0
corleza,cordes,0.42857142857142855,1.0
carpentera,cerente,0.4,1.0
christenson,christerson,0.09090909090909091,1.0
corneya,corney,0.14285714285714285,1.0
munsona,moroon,0.5714285714285714,1.0
coka,cook,0.5,1.0
5a,5,0.5,1.0
tonresa,tortes,0.42857142857142855,1.0
minea,mone,0.4,1.0
mccana,mcca,0.3333333333333333,1.0
ritera,rilter,0.3333333333333333,1.0
hayena,haye,0.3333333333333333,1.0
malarya,mallar,0.42857142857142855,1.0
derosa,dero,0.3333333333333333,1.0
0a,0,0.5,1.0
mcdougal,mcdoruga,0.25,1.0
irenea,fres,0.6666666666666666,1.0
0a,0,0.5,1.0
gornera,gorver,0.2857142857142857,1.0
0a,0,0.5,1.0
folta,folt,0.2,1.0
farminga,farmin,0.25,1.0
dorothya,denttey,0.625,1.0
mashington,welehnngton,0.5,1.0
watermana,waterm,0.3333333333333333,1.0
ransona,ranso,0.2857142857142857,1.0
0a,0,0.5,1.0
johnsona,johnso,0.25,1.0
clementa,clemen,0.25,1.0
mcarta,mccart,0.3333333333333333,1.0
boba,bobb,0.25,1.0
higinsa,giggens,0.5714285714285714,1.0
pepena,pepyers,0.5,1.0
watha,wate,0.4,1.0
kintona,kiston,0.2857142857142857,1.0
0a,0,0.5,1.0
moyera,muryer,0.5,1.0
